DeepSeek_GT_sigma,DeepSeek_PyPI_sigma,DeepSeek_transmission,GPT5_GT_sigma,GPT5_PyPI_sigma,GPT5_transmission
11.07070289188405,2.4915949077735946,22.50620337395367,10.00968245417559,2.7368352820174784,27.341879170960055
