,PC1,PC2,PC3
ChatGPT API,0.41077921055518746,-0.16456041653448608,0.004947745784825537
LLM pricing,0.40909015748970645,-0.21325826228772707,-0.05935341308473504
API cost,0.41311467469758556,-0.22895872174494936,-0.21302448367026883
Hugging Face,0.4137864661756563,-0.10129037691426586,-0.34601658313211586
DeepSeek,0.15378541511931565,0.8344423298894187,-0.4910956675167551
Ollama,0.3599030155417061,0.4086038397448008,0.7555922719101333
AI agent,0.4109045809925228,0.038830997824222155,0.1387485124150476
