component,variance_explained,cumulative_variance
PC1,0.758827963038721,0.758827963038721
PC2,0.16987566712268592,0.9287036301614069
PC3,0.025391250503137397,0.9540948806645443
PC4,0.021930444912016994,0.9760253255765613
PC5,0.01329763188292512,0.9893229574594864
PC6,0.0072898534401102735,0.9966128108995966
PC7,0.00338718910040311,0.9999999999999998
